system:index,landcover,.geo
0_0,1,"{""type"":""Polygon"",""coordinates"":[[[10.938468560349275,43.47966344580655],[10.939756020676423,43.47922748179576],[10.941429719101716,43.480161686538494],[10.939927682053378,43.48131385249452],[10.938897713791656,43.48094017945673],[10.938468560349275,43.47966344580655]]]}"
0_1,1,"{""type"":""Polygon"",""coordinates"":[[[10.927564057654546,43.472674875252295],[10.92966690952222,43.47223886081856],[10.930396470374273,43.47501061329711],[10.92803612644117,43.47485490023608],[10.927564057654546,43.472674875252295]]]}"
0_2,1,"{""type"":""Polygon"",""coordinates"":[[[10.912210348201482,43.482581388882394],[10.913755300594058,43.48255025020416],[10.913669469905582,43.484574230906226],[10.912596586299625,43.48463650616019],[10.912210348201482,43.482581388882394]]]}"
0_3,1,"{""type"":""Polygon"",""coordinates"":[[[10.886424678656574,43.485430834240034],[10.887926715704914,43.485368559804925],[10.888141292426106,43.48736130988579],[10.886853832098957,43.48711221972081],[10.886424678656574,43.485430834240034]]]}"
0_4,1,"{""type"":""Polygon"",""coordinates"":[[[10.888054633219454,43.49532170721536],[10.88792588718674,43.49364055026347],[10.889556670267794,43.49367168322495],[10.889599585612032,43.49532170721535],[10.888397955973362,43.49532170721536],[10.888054633219454,43.49532170721536]]]}"
0_5,1,"{""type"":""Polygon"",""coordinates"":[[[10.904151739268483,43.497265836208335],[10.906168760447681,43.49816863137377],[10.906297506480394,43.498884631734626],[10.905267538218677,43.49956949370027],[10.903808416514575,43.49869784985035],[10.904151739268483,43.497265836208335]]]}"
0_6,1,"{""type"":""Polygon"",""coordinates"":[[[10.879629071614447,43.506133705586606],[10.880916531941596,43.505386664287464],[10.882933553120795,43.50719199826818],[10.88010114040107,43.50681848532273],[10.879629071614447,43.506133705586606]]]}"
0_7,1,"{""type"":""Polygon"",""coordinates"":[[[10.935352187417246,43.51929351231187],[10.934880118630623,43.517737505169606],[10.938871245644782,43.51885783435679],[10.936510901711676,43.52050717002696],[10.935352187417246,43.51929351231187]]]}"
0_8,1,"{""type"":""Polygon"",""coordinates"":[[[10.921265640783131,43.52681706524111],[10.921952286290944,43.525914698526],[10.923325577306572,43.52675483348724],[10.922424355077569,43.527439379248705],[10.921351471471608,43.5270348758741],[10.921265640783131,43.52681706524111]]]}"
0_9,1,"{""type"":""Polygon"",""coordinates"":[[[10.904025315979965,43.52884040202828],[10.906686067322736,43.52874705750463],[10.906986474732406,43.53045835081907],[10.904797792176252,43.530396122821955],[10.904025315979965,43.52884040202828]]]}"
0_10,1,"{""type"":""Polygon"",""coordinates"":[[[10.918749629828595,43.54119201987198],[10.921195804450177,43.54153421179267],[10.92063790497508,43.542934067607334],[10.918878375861311,43.54280963729558],[10.918749629828595,43.54119201987198]]]}"
0_11,1,"{""type"":""Polygon"",""coordinates"":[[[10.875919403006986,43.54641990358167],[10.878151000907378,43.54732196349822],[10.876434387137849,43.5484417432351],[10.875318588187652,43.5477885409167],[10.875919403006986,43.54641990358167]]]}"
0_12,1,"{""type"":""Polygon"",""coordinates"":[[[10.866802734750236,43.55335320477509],[10.869034332650623,43.55347761332312],[10.868862671273671,43.555063799797985],[10.867103142159904,43.55500159719335],[10.866802734750236,43.55335320477509]]]}"
0_13,1,"{""type"":""Polygon"",""coordinates"":[[[10.901517286594553,43.568271270739075],[10.901388540561836,43.566965288885456],[10.903491392429512,43.56727623951414],[10.903105154331367,43.56864440321066],[10.90147437125031,43.56852002597698],[10.901517286594553,43.568271270739075]]]}"
0_14,1,"{""type"":""Polygon"",""coordinates"":[[[10.855610975294807,43.57883417736168],[10.856898435621956,43.578616553860016],[10.857670911818245,43.57976684060261],[10.856855520277715,43.580637313259665],[10.85535348322938,43.57992228307155],[10.855610975294807,43.57883417736168]]]}"
0_15,1,"{""type"":""Polygon"",""coordinates"":[[[10.942007164709006,43.56000395246738],[10.943723778478535,43.560035051195854],[10.945097069494162,43.56093690733892],[10.944453339330588,43.56211862943726],[10.943080048314963,43.561994238728964],[10.942178826085957,43.56124788908575],[10.942007164709006,43.56000395246738]]]}"
0_16,1,"{""type"":""Polygon"",""coordinates"":[[[10.936793227638276,43.5484100349495],[10.937866111244231,43.5483167207169],[10.938810248817475,43.54868997678058],[10.938724418128995,43.54971641903748],[10.937737365211515,43.549778627097325],[10.936879058326749,43.5493431693302],[10.936793227638276,43.5484100349495]]]}"
0_17,1,"{""type"":""Polygon"",""coordinates"":[[[10.913403651655493,43.51642232764056],[10.914605281294165,43.51505297831749],[10.916536471784886,43.51499073442811],[10.916836879194555,43.51598662895382],[10.916836879194555,43.517200353185075],[10.915077350080784,43.51782276639791],[10.913618228376684,43.51716923235587],[10.913403651655493,43.51642232764056]]]}"
0_18,1,"{""type"":""Polygon"",""coordinates"":[[[10.970032280101236,43.51564196403425],[10.971663063182293,43.51539299052161],[10.973036354197916,43.51561084240135],[10.973079269542154,43.51726026682746],[10.97217804731315,43.51825612389751],[10.970418518199383,43.51763371515481],[10.970032280101236,43.51564196403425]]]}"
0_19,1,"{""type"":""Polygon"",""coordinates"":[[[10.933834686031972,43.536939188485746],[10.936023368588126,43.53700140973163],[10.936838760128653,43.538245821166235],[10.935465469113026,43.53977019017403],[10.933748855343497,43.539552425532435],[10.933448447933829,43.53821471119337],[10.933834686031972,43.536939188485746]]]}"
0_20,1,"{""type"":""Polygon"",""coordinates"":[[[10.971252050309754,43.52859697474388],[10.973140325456237,43.52809913360582],[10.97335490217743,43.52943707234678],[10.974427785783389,43.530712753739174],[10.972110357194518,43.53105500513193],[10.970951642900085,43.53030827231651],[10.971252050309754,43.52859697474388]]]}"
0_21,1,"{""type"":""Polygon"",""coordinates"":[[[11.104855986679022,43.44815730887595],[11.107774230087223,43.4488427459576],[11.10708758457941,43.45083670057492],[11.103568526351873,43.45033821808324],[11.103396864974918,43.44859349700843],[11.104855986679022,43.44815730887595]]]}"
0_22,1,"{""type"":""Polygon"",""coordinates"":[[[11.088593927987768,43.49164193897225],[11.08928057349558,43.48977387009389],[11.091855494149877,43.488653001032816],[11.09254213965769,43.49139286646016],[11.090138880380348,43.491766474843125],[11.088593927987768,43.49164193897225]]]}"
0_23,1,"{""type"":""Polygon"",""coordinates"":[[[11.081685069396222,43.46089438678865],[11.084946635558333,43.461268183784355],[11.084174159362043,43.4625141570792],[11.082028392150127,43.462887944060384],[11.079625132872785,43.46189117364158],[11.081685069396222,43.46089438678865]]]}"
0_24,1,"{""type"":""Polygon"",""coordinates"":[[[11.060301912178971,43.41835043652669],[11.062791002144792,43.42015837142228],[11.065365922799089,43.42265198614342],[11.06261934076784,43.42240262929305],[11.060473573555925,43.42084412570903],[11.060301912178971,43.41835043652669]]]}"
0_25,1,"{""type"":""Polygon"",""coordinates"":[[[10.997968279947,43.41829572131226],[11.001916491616923,43.42222323881747],[10.999255740274153,43.422098559637725],[10.99728163443919,43.41866978157508],[10.997968279947,43.41829572131226]]]}"
0_26,1,"{""type"":""Polygon"",""coordinates"":[[[10.931779436585622,43.464339183915904],[10.934440187928397,43.46468181172666],[10.935169748780446,43.46514902833902],[10.934783510682303,43.46686212502332],[10.9333243889782,43.46751620367742],[10.931393198487475,43.46648836261468],[10.931779436585622,43.464339183915904]]]}"
0_27,1,"{""type"":""Polygon"",""coordinates"":[[[10.901259835388355,43.50331862311308],[10.900058205749685,43.50515514598247],[10.89739745440691,43.50515514598247],[10.89692538562029,43.502882829823754],[10.901259835388355,43.50331862311308]]]}"
0_28,1,"{""type"":""Polygon"",""coordinates"":[[[10.854508224333781,43.51118535256364],[10.854636970366498,43.50987813363217],[10.856439414824505,43.50984700902679],[10.856911483611126,43.51109198072175],[10.854808631743447,43.51115422863238],[10.854508224333781,43.51118535256364]]]}"
0_29,1,"{""type"":""Polygon"",""coordinates"":[[[10.934457780444877,43.50807638347369],[10.934586526477593,43.5063644552432],[10.93660354765679,43.506395581644384],[10.937290193164605,43.50820088545105],[10.934457780444877,43.50807638347369]]]}"
0_30,1,"{""type"":""Polygon"",""coordinates"":[[[10.957480209192092,43.45545739999865],[10.95851017745381,43.45570662066124],[10.959325568994336,43.456734645037514],[10.959046619256789,43.45743556072816],[10.957802074273875,43.45724865067173],[10.956557529290965,43.45612717820032],[10.957480209192092,43.45545739999865]]]}"
0_31,1,"{""type"":""Polygon"",""coordinates"":[[[10.942164161623795,43.452682120564035],[10.943730571688494,43.4523861561111],[10.944309928835706,43.453492121134055],[10.944159725130874,43.45400615433029],[10.943623283327897,43.454520183157236],[10.942099788607436,43.45445787686547],[10.941048362673602,43.45344539062684],[10.942164161623795,43.452682120564035]]]}"
0_32,1,"{""type"":""Polygon"",""coordinates"":[[[10.935621445677093,43.448368001033984],[10.935921853086763,43.44956750665115],[10.933990662596038,43.44969212924726],[10.933711712858488,43.44850820421695],[10.935621445677093,43.448368001033984]]]}"
0_33,1,"{""type"":""Polygon"",""coordinates"":[[[10.932852927887673,43.440589653776684],[10.93486994906687,43.44060523392735],[10.934912864411112,43.44171141436856],[10.933775607788798,43.44266177859501],[10.932509605133765,43.44267735821205],[10.932466689789527,43.441617935113634],[10.932852927887673,43.440589653776684]]]}"
0_34,1,"{""type"":""Polygon"",""coordinates"":[[[10.954502779164523,43.515199355586],[10.958622652211396,43.515323842870195],[10.95948095909616,43.51768905247583],[10.955189424672334,43.51781353462383],[10.954502779164523,43.515199355586]]]}"
0_35,1,"{""type"":""Polygon"",""coordinates"":[[[10.998378072907606,43.44803348973357],[11.002927099396867,43.44815811549036],[11.004214559724014,43.45077519706766],[11.002412115266006,43.45214600412959],[10.99812058084218,43.45065057670318],[10.998378072907606,43.44803348973357]]]}"
0_36,1,"{""type"":""Polygon"",""coordinates"":[[[11.006655800590432,43.435920604159],[11.011719811210549,43.438413569595056],[11.012492287406838,43.44271369357456],[11.006655800590433,43.44209050613772],[11.006655800590432,43.435920604159]]]}"
0_37,1,"{""type"":""Polygon"",""coordinates"":[[[11.005381559780247,43.4594488329885],[11.009501432827118,43.460570243854],[11.010617231777317,43.462999896042525],[11.007870649746065,43.465055679321964],[11.002720808437473,43.46268840762885],[11.005381559780247,43.4594488329885]]]}"
0_38,1,"{""type"":""Polygon"",""coordinates"":[[[10.98120870699824,43.466447433766206],[10.985156918668164,43.46632284569874],[10.98618688692988,43.469873504993835],[10.982410336636912,43.469873504993835],[10.98120870699824,43.466447433766206]]]}"
0_39,1,"{""type"":""Polygon"",""coordinates"":[[[10.995292819604773,43.477244668588966],[10.99984184609403,43.47755608199389],[11.00009933815946,43.4795490897802],[10.998983539209263,43.482849864320485],[10.995464480981722,43.48260075555226],[10.995292819604773,43.477244668588966]]]}"
0_40,1,"{""type"":""Polygon"",""coordinates"":[[[11.066532569719678,43.44580022458686],[11.064987617327102,43.444740856175976],[11.065030532671338,43.44386842120167],[11.067004638506297,43.44302713270335],[11.070223289324169,43.44221699198101],[11.070652442766553,43.443619151755186],[11.069837051226026,43.44446043202065],[11.067948776079543,43.445177068944865],[11.066317992998485,43.44558212084235],[11.066532569719678,43.44580022458686]]]}"
0_41,1,"{""type"":""Polygon"",""coordinates"":[[[11.075856648200109,43.442832675704516],[11.075599156134679,43.4409007775548],[11.078431568854405,43.44065149588066],[11.079719029181552,43.44258340199034],[11.075856648200109,43.442832675704516]]]}"
0_42,1,"{""type"":""Polygon"",""coordinates"":[[[11.056174761843645,43.43396781147347],[11.055960185122453,43.43325104177208],[11.058921343874896,43.43240960563801],[11.059736735415422,43.433188713570765],[11.057376391482318,43.43403013887239],[11.056174761843645,43.43396781147347]]]}"
0_43,1,"{""type"":""Polygon"",""coordinates"":[[[11.032014718330846,43.42582908415322],[11.03386007813309,43.425361563753064],[11.037250390327912,43.42520572281728],[11.038194527901158,43.42573558036205],[11.037250390327914,43.42639010386719],[11.035190453804478,43.426483606647324],[11.031671395576938,43.42645243907002],[11.032014718330846,43.42582908415322]]]}"
0_44,1,"{""type"":""Polygon"",""coordinates"":[[[11.011766453348262,43.42046678522955],[11.014684696756465,43.421526578636794],[11.0138263898717,43.42402013700559],[11.011208553873166,43.42392663042026],[11.011766453348262,43.42046678522955]]]}"
0_45,1,"{""type"":""Polygon"",""coordinates"":[[[11.02311067344408,43.43539656285508],[11.021951959149646,43.4339007213398],[11.022166535870834,43.432965801616476],[11.024956033246324,43.43277881593862],[11.02658681632738,43.433807230017415],[11.027316377179433,43.4348044633432],[11.02311067344408,43.43539656285508]]]}"
0_46,1,"{""type"":""Polygon"",""coordinates"":[[[10.994428102454728,43.43529636844598],[10.99335521884877,43.434112161668146],[10.997303430518695,43.43333306562382],[10.998161737403459,43.43451728764732],[10.994428102454728,43.43529636844598]]]}"
0_47,1,"{""type"":""Polygon"",""coordinates"":[[[10.995815111040752,43.44486152692632],[10.995815111040754,43.44314780687214],[11.0005787142512,43.44324128376322],[11.000922037005108,43.44514194922231],[10.995815111040752,43.44486152692632]]]}"
0_48,1,"{""type"":""Polygon"",""coordinates"":[[[10.981475640224444,43.4567841463033],[10.98126106350325,43.45544459703488],[10.984222222255692,43.455070764035966],[10.984608460353837,43.45641032158557],[10.981475640224444,43.4567841463033]]]}"
0_49,1,"{""type"":""Polygon"",""coordinates"":[[[10.99414296052726,43.46227947307934],[10.993928383806065,43.45981864154626],[10.99731869600089,43.459662889344806],[10.998219918229895,43.46199913023859],[10.99414296052726,43.46227947307934]]]}"
0_50,1,"{""type"":""Polygon"",""coordinates"":[[[11.125047066626816,43.50555997773168],[11.125132897315291,43.50462616578808],[11.128136971411974,43.5042837644561],[11.128566124854357,43.50552885089964],[11.125047066626816,43.50555997773168]]]}"
0_51,1,"{""type"":""Polygon"",""coordinates"":[[[11.133730940282415,43.508798781622666],[11.13759332126386,43.509016657306894],[11.137893728673525,43.51026164612961],[11.132958464086125,43.510292770521126],[11.133730940282415,43.508798781622666]]]}"
0_52,1,"{""type"":""Polygon"",""coordinates"":[[[11.108561617250094,43.51783577363362],[11.109248262757907,43.516466456385835],[11.113239389772065,43.51708887716879],[11.112853151673924,43.51967185480978],[11.109419924134862,43.51948513724223],[11.108561617250094,43.51783577363362]]]}"
0_53,1,"{""type"":""Polygon"",""coordinates"":[[[11.087541950655524,43.5161591236023],[11.088486088228768,43.51625248760456],[11.091661823702399,43.51566117981729],[11.093292606783454,43.51609688085389],[11.092820537996833,43.51703051533889],[11.090460194063727,43.517403965088135],[11.087627781343999,43.51678154755534],[11.087541950655524,43.5161591236023]]]}"
0_54,1,"{""type"":""Polygon"",""coordinates"":[[[11.06385559555362,43.520408095362896],[11.066215939486725,43.520128022212496],[11.067460484469635,43.52047033366422],[11.066816754306062,43.52127942573879],[11.065872616732818,43.52099935663315],[11.064241833651765,43.521217188272104],[11.06385559555362,43.520408095362896]]]}"
0_55,1,"{""type"":""Polygon"",""coordinates"":[[[11.092411752416886,43.52775128852003],[11.096832032873431,43.52778240389098],[11.097690339758195,43.52927592282056],[11.094815011694228,43.530178239253004],[11.091682191564837,43.53011601096691],[11.092411752416886,43.52775128852003]]]}"
0_56,1,"{""type"":""Polygon"",""coordinates"":[[[11.084322296584412,43.52908923497676],[11.084966026747987,43.528280247643195],[11.084837280715272,43.52697339902982],[11.086296402419372,43.526662240424834],[11.086382233107852,43.52728455602973],[11.087197624648377,43.52949372457465],[11.086296402419372,43.53067606323049],[11.084193550551698,43.53030269563259],[11.084322296584412,43.52908923497676]]]}"
0_57,1,"{""type"":""Polygon"",""coordinates"":[[[11.08415063520746,43.52332903974647],[11.085781418288514,43.52317345124536],[11.087669693434998,43.524355913790096],[11.086510979140565,43.52476043512928],[11.084064804518984,43.52454261628371],[11.08415063520746,43.52332903974647]]]}"
0_58,1,"{""type"":""Polygon"",""coordinates"":[[[11.134189110046862,43.52880213313897],[11.136291961914537,43.528677673663005],[11.1377081682744,43.52961111347285],[11.137150268799305,43.530949018675024],[11.134403686768055,43.53057565276688],[11.134189110046862,43.52880213313897]]]}"
0_59,1,"{""type"":""Polygon"",""coordinates"":[[[11.147265274650369,43.53569906119107],[11.14979727996043,43.53523239020314],[11.150483925468242,43.537099052485836],[11.147479851371562,43.53753459870396],[11.147265274650369,43.53569906119107]]]}"
1_0,5,"{""type"":""Polygon"",""coordinates"":[[[11.058309510983223,43.56903856702171],[11.056807473934885,43.56922513116981],[11.05588479403376,43.56919403718527],[11.056013540066477,43.568432229549494],[11.056120828427073,43.56793471732118],[11.057000592983957,43.56819902120412],[11.05788035754084,43.56860324842889],[11.058309510983223,43.56863434271844],[11.058309510983223,43.56903856702171]]]}"
1_1,5,"{""type"":""Polygon"",""coordinates"":[[[11.045812706685165,43.57792156137814],[11.044675450062849,43.57751739669473],[11.045126061177351,43.577159864136455],[11.045405010914903,43.57675569434035],[11.046048741078476,43.576429247524594],[11.046842674946884,43.57618052495332],[11.047507862782581,43.57632043152607],[11.048280338978866,43.5761027989391],[11.049009899830919,43.57650697311743],[11.04892406914244,43.576833419511836],[11.048344711995222,43.576942234583335],[11.047336201405624,43.57689559957681],[11.047078709340195,43.577268678618054],[11.047271828389267,43.57796819559014],[11.048087219929792,43.57834126798576],[11.047894100880722,43.578714338069844],[11.045812706685167,43.57868324898445],[11.045812706685165,43.57792156137814]]]}"
1_2,5,"{""type"":""Polygon"",""coordinates"":[[[10.910220779966881,43.576108232146105],[10.90871874291854,43.57564187399603],[10.90768877465682,43.57573514591498],[10.906444229673912,43.57548642047674],[10.906787552427817,43.57449150845025],[10.907560028624104,43.57449150845025],[10.90897623498397,43.57464696453792],[10.909877457212973,43.5737764052782],[10.910392441343832,43.57424277787527],[10.909834541868735,43.57498896651817],[10.910220779966881,43.576108232146105]]]}"
1_3,5,"{""type"":""Polygon"",""coordinates"":[[[10.929686874266318,43.574202962843785],[10.928377956267052,43.5730992077933],[10.926446765776328,43.57286601751819],[10.926790088530236,43.57239963425911],[10.927047580595666,43.57176223796407],[10.927519649382287,43.57145131049415],[10.927948802824668,43.57142021765887],[10.92822775256222,43.57252400348133],[10.928892940397914,43.57297483975894],[10.929601043577843,43.57341012675557],[10.92992290865963,43.57414077999842],[10.929686874266318,43.574202962843785]]]}"
1_4,5,"{""type"":""Polygon"",""coordinates"":[[[10.926525763250492,43.57600545136055],[10.926482847906252,43.575585728471594],[10.925731829382086,43.57530591158702],[10.926053694463869,43.57497945691165],[10.926890543676516,43.57511936627495],[10.928671530462406,43.57496391140679],[10.929122141576906,43.575041638891015],[10.92738407013526,43.57550800168965],[10.927791765905523,43.57628526499456],[10.927663019872806,43.57656507732832],[10.927126578069826,43.57617644873584],[10.926397017217777,43.57633190047381],[10.926525763250492,43.57600545136055]]]}"
1_5,5,"{""type"":""Polygon"",""coordinates"":[[[10.935930465485676,43.57858096620029],[10.93603775384627,43.578378886410746],[10.935394023682695,43.57783482206786],[10.934664462830645,43.57753947079443],[10.934128021027666,43.577244118072294],[10.93402073266707,43.57688658389141],[10.934643005158524,43.5766534082819],[10.935565685059649,43.57642023176939],[10.935672973420244,43.57674667863403],[10.935994838502031,43.57739956705404],[10.936896060731037,43.57781927730011],[10.937067722107988,43.578301163234165],[10.936960433747391,43.57872086719578],[10.93582317712508,43.57868977811377],[10.935930465485676,43.57858096620029]]]}"
1_6,5,"{""type"":""Polygon"",""coordinates"":[[[10.884992512263775,43.427105297674906],[10.884477528132916,43.42688712653727],[10.883941086329939,43.427276717302824],[10.883576305903912,43.42814939151855],[10.88310423711729,43.428414307987445],[10.88213864187193,43.42832080818966],[10.881688030757429,43.42785330703414],[10.881795319118023,43.427339051592625],[10.882503422297955,43.42726113372034],[10.882725204621382,43.42691306080905],[10.884892429505415,43.42642996498436],[10.887531723176071,43.425136495892446],[10.888668979798384,43.42493390184446],[10.88905521789653,43.42558843401771],[10.889355625306194,43.426570219008056],[10.889312709961958,43.427458486945056],[10.888626064454147,43.42739615277826],[10.887639011536665,43.42717798268897],[10.885471786652632,43.42738056922653],[10.884992512263775,43.427105297674906]]]}"
1_7,5,"{""type"":""Polygon"",""coordinates"":[[[10.882107166206136,43.43240949287396],[10.881613639747396,43.43212901156231],[10.881399063026205,43.431708287157505],[10.881077197944418,43.43119406446865],[10.880454925452963,43.43066425470441],[10.880884078895344,43.43066425470442],[10.88182821646859,43.4310694037649],[10.882257369910972,43.43172386959502],[10.883180049812095,43.43191085853231],[10.883931068336263,43.43234716380594],[10.885003951942217,43.433048362120225],[10.884767917548908,43.43371838847426],[10.88375940695931,43.43410793526989],[10.88326588050057,43.43346907720913],[10.882600692664877,43.43343791322877],[10.882064250861898,43.43273671942798],[10.882107166206136,43.43240949287396]]]}"
1_8,5,"{""type"":""Polygon"",""coordinates"":[[[10.969661132152423,43.455878974582035],[10.969146148021562,43.455723212232236],[10.96854533320223,43.45589455079497],[10.968244925792558,43.4557699409793],[10.968480960185868,43.45542726266224],[10.969339267070632,43.45502227669302],[10.970133200939042,43.45506900598172],[10.970884219463212,43.455520720577645],[10.97169961100374,43.455972431799346],[10.972643748576981,43.456408563570264],[10.973459140117509,43.456860268159815],[10.973695174510821,43.457545606610694],[10.973781005199294,43.45796615135985],[10.9732231057242,43.45805960535133],[10.97268666392122,43.45795057568053],[10.971742526347978,43.457607909721055],[10.971506491954667,43.457187362480305],[10.971098796184402,43.45707833123675],[10.969832793529374,43.456455291787755],[10.969661132152423,43.455878974582035]]]}"
1_9,5,"{""type"":""Polygon"",""coordinates"":[[[10.888110194524529,43.5263647104331],[10.888196025213007,43.526598080688416],[10.889075789769894,43.52664475463113],[10.889590773900752,43.52700258699214],[10.889311824163203,43.5272203969552],[10.888689551671748,43.52732930164181],[10.888067279180294,43.527064818490416],[10.887273345311886,43.52678477624259],[10.888110194524529,43.5263647104331]]]}"
1_10,5,"{""type"":""Polygon"",""coordinates"":[[[10.89639822500585,43.530452388522036],[10.896408953841911,43.53075574911846],[10.896022715743765,43.53102021608577],[10.895507731612906,43.531144670727926],[10.894713797744497,43.53158025995309],[10.894263186629995,43.53162693004064],[10.894091525253042,43.531673600092034],[10.893930592712149,43.53144802784228],[10.894005694564566,43.53119911955311],[10.894617238219963,43.530693521428184],[10.894617238219961,43.5304757240067],[10.896226563628897,43.530390160518785],[10.89639822500585,43.530452388522036]]]}"
1_11,5,"{""type"":""Polygon"",""coordinates"":[[[10.894370474990591,43.53004012680418],[10.89439193266271,43.52970564824556],[10.894488492187248,43.529293381423535],[10.894391932662709,43.52899001347178],[10.89414516943334,43.528873333084036],[10.893855490859732,43.52839883051519],[10.893758931335196,43.528111015662866],[10.89364091413854,43.527760968721324],[10.894059338744865,43.527776526406306],[10.894102254089104,43.52793210303543],[10.894338288482412,43.528142130848245],[10.894842543777214,43.528321042852696],[10.894778170760857,43.52863997163139],[10.894949832137808,43.52892000526621],[10.89492837446569,43.52913002963912],[10.895486273940785,43.52948006863544],[10.895475545104729,43.529830105600354],[10.895593562301382,43.53000123404383],[10.895647206481682,43.53014902639977],[10.895218053039297,43.53014902639977],[10.894413390334833,43.53022681170474],[10.894370474990591,43.53004012680418]]]}"
1_12,5,"{""type"":""Polygon"",""coordinates"":[[[10.899715225869947,43.530234392709595],[10.89969376819783,43.52982212950168],[10.900090735132032,43.52935541303534],[10.900251667672924,43.52930096254568],[10.900927584344677,43.529487649734136],[10.901421110803419,43.529728786497316],[10.901517670327955,43.52997770085459],[10.900863211328323,43.52996214373735],[10.900476973230175,43.5301488288793],[10.900230210000807,43.53024994975661],[10.899715225869947,43.530234392709595]]]}"
1_13,5,"{""type"":""Polygon"",""coordinates"":[[[10.89961293135453,43.53191431322052],[10.89959147368241,43.531362050834765],[10.900203017337807,43.53148650477155],[10.90087893400956,43.53153317493162],[10.901243714435584,43.53178986016655],[10.900943307025917,43.53208543575042],[10.900481967075352,43.532217666463666],[10.899999169452672,43.53197653965119],[10.89961293135453,43.53191431322052]]]}"
1_14,5,"{""type"":""Polygon"",""coordinates"":[[[10.870534697832436,43.535957458197736],[10.870942393602702,43.53594190262299],[10.871167699159951,43.53572801306319],[10.871419826807353,43.535432455332064],[10.871789971651408,43.53531967634231],[10.87202064162669,43.53540134390768],[10.872031370462748,43.535949680410866],[10.871806064905496,43.53596523598361],[10.87179533606944,43.536031347123036],[10.871709505380963,43.536171346943696],[10.871543208422038,43.53624134673215],[10.87117842799601,43.53624912448141],[10.871130148233744,43.53613634701903],[10.870572248758643,43.53614412478181],[10.870534697832436,43.535957458197736]]]}"
1_15,5,"{""type"":""Polygon"",""coordinates"":[[[10.872751036533687,43.54035590820665],[10.872289696583126,43.54003704138321],[10.87218240822253,43.53985038685039],[10.872354069599481,43.539741504772735],[10.87220386589465,43.539492630714044],[10.872193137058588,43.539368193299445],[10.872429171451898,43.53918931406606],[10.872987070926998,43.539197091435064],[10.873459139713617,43.53900265690887],[10.873491326221798,43.53839601715733],[10.874070683369014,43.538396017157325],[10.87408141220507,43.53866045061993],[10.874210158237789,43.53880822175567],[10.874006310352655,43.5390804307946],[10.873984852680536,43.53929041978493],[10.874038496860836,43.53972595017417],[10.874242344745966,43.539788168544376],[10.874210158237789,43.54005259590152],[10.873759547123285,43.54006815041582],[10.87339476669726,43.540153700172766],[10.8733840378612,43.54044145755529],[10.873534241566034,43.54059700151454],[10.872793951877924,43.540612555888416],[10.872751036533687,43.54035590820665]]]}"
1_16,5,"{""type"":""Polygon"",""coordinates"":[[[10.876259365925163,43.539259310351035],[10.876581231006952,43.5395081853728],[10.87708548630175,43.53985038685039],[10.877214232334468,43.540013709598206],[10.877117672809929,43.540153700172766],[10.876860180744501,43.5401925863858],[10.876452484974237,43.54009148217974],[10.876270094761225,43.539811500416675],[10.876259365925167,43.539593735924285],[10.875862398990963,43.53908820817766],[10.876259365925163,43.539259310351035]]]}"
1_17,5,"{""type"":""Polygon"",""coordinates"":[[[10.896239746607685,43.55190646026188],[10.894844997919943,43.551937563169616],[10.894501675166033,43.551797599958434],[10.89443730214968,43.55157210299006],[10.894930828608416,43.55103557232858],[10.89516686300173,43.55073231375496],[10.89514540532961,43.549884736829014],[10.895263422526266,43.54973699284219],[10.895445812739279,43.54974476885052],[10.895596016444111,43.550561244142834],[10.895778406657126,43.55081007250905],[10.89590715268984,43.55119886477464],[10.896507967509176,43.55136993257699],[10.897087324656392,43.55137770837463],[10.897484291590596,43.551253295491684],[10.897527206934834,43.5506778825674],[10.897580851115132,43.55042905365543],[10.897967089213275,43.55081784837893],[10.898213852442648,43.5511366581807],[10.897419918574238,43.551525448339554],[10.897162426508807,43.55192978744418],[10.896980036295794,43.55209307746749],[10.896561611689474,43.5520930774675],[10.896239746607685,43.55190646026188]]]}"
1_18,5,"{""type"":""Polygon"",""coordinates"":[[[10.904071786488284,43.55361319345953],[10.903932311619512,43.55363651998122],[10.903916218365422,43.5538309073108],[10.903749921406497,43.55397086579982],[10.903588988865604,43.55408360990185],[10.903567531193485,43.55417302748793],[10.903267123783818,43.55417691520605],[10.902998902882327,43.554231343233454],[10.902795054997195,43.55416136433204],[10.902194240177858,43.55389311112381],[10.902145960415591,43.553449907554956],[10.904039599980106,43.553399366590035],[10.904071786488284,43.55361319345953]]]}"
1_19,5,"{""type"":""Polygon"",""coordinates"":[[[10.862324615792422,43.496497738172884],[10.862903972939641,43.496746789631246],[10.863955398873479,43.49679348666533],[10.864856621102481,43.496591132590154],[10.864813705758245,43.49693357755092],[10.863955398873477,43.49750950333264],[10.862024208382756,43.49736941378322],[10.861916920022159,43.49676235531331],[10.862324615792422,43.496497738172884]]]}"
1_20,5,"{""type"":""Polygon"",""coordinates"":[[[10.867097967758074,43.49636189320629],[10.86763440956105,43.495427938987824],[10.868321055068865,43.49609727431094],[10.868642920150652,43.49657981377879],[10.867248171462906,43.4965642480497],[10.867097967758074,43.49636189320629]]]}"
1_21,5,"{""type"":""Polygon"",""coordinates"":[[[10.90575391145752,43.50318259992549],[10.908157170734862,43.50293357501287],[10.909272969685059,43.50486349121772],[10.906097234211426,43.50473898235665],[10.90575391145752,43.50318259992549]]]}"
1_22,5,"{""type"":""Polygon"",""coordinates"":[[[10.918886006794432,43.507540369616336],[10.919830144367674,43.506668840844945],[10.921289266071776,43.50679334572556],[10.921117604694826,43.507540369616336],[10.922405065021973,43.509096639695734],[10.92094594331787,43.50853638708964],[10.918027699909668,43.50841188580429],[10.918886006794432,43.507540369616336]]]}"
1_23,5,"{""type"":""Polygon"",""coordinates"":[[[10.913924583160581,43.50152423245276],[10.915812858307067,43.501337458734184],[10.91555536624164,43.50382772747361],[10.913581260406676,43.503640960881306],[10.913924583160581,43.50152423245276]]]}"
1_24,5,"{""type"":""Polygon"",""coordinates"":[[[10.85425229026796,43.47879314457244],[10.856483888168352,43.48003875664032],[10.858028840560932,43.48252990373843],[10.856913041610735,43.483028120832024],[10.855368089218155,43.48209396041113],[10.85425229026796,43.47879314457244]]]}"
1_25,5,"{""type"":""Polygon"",""coordinates"":[[[10.968360226832756,43.47021364302656],[10.969690602504139,43.469777610836445],[10.971707623683342,43.46987104657057],[10.9707634861101,43.4705562375406],[10.968832295619375,43.4710545533671],[10.968360226832756,43.47021364302656]]]}"
1_26,5,"{""type"":""Polygon"",""coordinates"":[[[10.910907745360731,43.50547618324521],[10.910607337951062,43.50500927843093],[10.911980628966688,43.50482251549405],[10.91215229034364,43.506160970440334],[10.91095066070497,43.506160970440334],[10.910907745360731,43.50547618324521]]]}"
1_27,5,"{""type"":""Polygon"",""coordinates"":[[[10.92112159728944,43.501678585996224],[10.921894073485728,43.501740843614854],[10.921979904174206,43.502799213308805],[10.920992851256724,43.502830341548325],[10.92112159728944,43.501678585996224]]]}"
1_28,5,"{""type"":""Polygon"",""coordinates"":[[[10.915740317352745,43.50525608816119],[10.917156523712606,43.50510045305688],[10.917328185089561,43.50615876385324],[10.91586906338546,43.50615876385324],[10.915740317352745,43.50525608816119]]]}"
1_29,5,"{""type"":""Polygon"",""coordinates"":[[[10.918535842204031,43.50158608221531],[10.919994963908133,43.50152382443711],[10.919780387186941,43.50261332628691],[10.918450011515555,43.50258219793552],[10.918535842204031,43.50158608221531]]]}"
2_0,4,"{""type"":""Polygon"",""coordinates"":[[[10.964675818731942,43.544472483919606],[10.966177855780282,43.54517238177687],[10.965791617682136,43.545716741159005],[10.965405379583991,43.54587227150815],[10.964525615027107,43.545359019833114],[10.96396771555201,43.5452345945265],[10.964139376928962,43.54473689073183],[10.964675818731942,43.544472483919606]]]}"
2_1,4,"{""type"":""Polygon"",""coordinates"":[[[10.956796102623176,43.54207982825867],[10.958147935966682,43.541488773615676],[10.958555631736946,43.541488773615676],[10.958426885704231,43.542064274263325],[10.957332544426155,43.542515338498276],[10.957354002098272,43.542810861511995],[10.956796102623176,43.54207982825867]]]}"
2_2,4,"{""type"":""Polygon"",""coordinates"":[[[11.020738318583442,43.48591502409823],[11.022111609599067,43.484980908318086],[11.023613646647405,43.485292281849794],[11.02404280008979,43.48566592796925],[11.022798255106881,43.48653775992687],[11.020909979960397,43.48656889654977],[11.020738318583442,43.48591502409823]]]}"
2_3,4,"{""type"":""Polygon"",""coordinates"":[[[11.063455392773504,43.4805503460201],[11.066459466870183,43.481484530308826],[11.06680278962409,43.48410016947206],[11.065257837231512,43.48472292400983],[11.062682916577215,43.48347740851443],[11.063455392773504,43.4805503460201]]]}"
2_4,4,"{""type"":""Polygon"",""coordinates"":[[[11.085693293568674,43.46696648293917],[11.084834986683907,43.46590748527396],[11.087581568715157,43.4639140275743],[11.088354044911446,43.46497306016224],[11.085693293568674,43.46696648293917]]]}"
2_5,4,"{""type"":""Polygon"",""coordinates"":[[[10.968334024463083,43.53840978546524],[10.968119447741888,43.536574274593754],[10.970866029773138,43.53651205290712],[10.971724336657902,43.53806757581144],[10.968334024463083,43.53840978546524]]]}"
2_6,4,"{""type"":""Polygon"",""coordinates"":[[[10.95444801103309,43.54422276840483],[10.955756929032356,43.544300535556864],[10.956057336442028,43.54512486120042],[10.955671098343881,43.54607359940353],[10.953997399918588,43.545638114869156],[10.95444801103309,43.54422276840483]]]}"
2_7,4,"{""type"":""Polygon"",""coordinates"":[[[10.965389662926974,43.54789384591465],[10.967127734368626,43.548500390099726],[10.966376715844456,43.549542387655094],[10.964660102074925,43.548935853955676],[10.965389662926974,43.54789384591465]]]}"
2_8,4,"{""type"":""Polygon"",""coordinates"":[[[10.95544454962254,43.550838518008014],[10.956753467621805,43.55170940878873],[10.955873703064922,43.552813555793634],[10.954543327393536,43.552409222618245],[10.95544454962254,43.550838518008014]]]}"
2_9,4,"{""type"":""Polygon"",""coordinates"":[[[10.963517955244333,43.552880163204414],[10.963410666883735,43.55135612568568],[10.965556434095651,43.55129391925405],[10.965921214521678,43.55275575342305],[10.963517955244333,43.552880163204414]]]}"
2_10,4,"{""type"":""Polygon"",""coordinates"":[[[10.977297989218988,43.55358163314351],[10.979057518332759,43.55389265285311],[10.979229179709712,43.5547168473206],[10.978413788169187,43.55530777226459],[10.976890293448728,43.55524556991178],[10.977297989218988,43.55358163314351]]]}"
2_11,4,"{""type"":""Polygon"",""coordinates"":[[[10.983851903146475,43.55485940678764],[10.98372315711376,43.55391080687301],[10.985611432260244,43.55335097040866],[10.985654347604482,43.55440843491972],[10.983851903146475,43.55485940678764]]]}"
2_12,4,"{""type"":""Polygon"",""coordinates"":[[[10.993965260524625,43.5593786554309],[10.993857972164031,43.558010281286045],[10.995810620326873,43.557994731401266],[10.996218316097135,43.55931645728031],[10.993965260524625,43.5593786554309]]]}"
2_13,4,"{""type"":""Polygon"",""coordinates"":[[[10.994600845287247,43.56592313320417],[10.99447209925453,43.56464819678701],[10.995115829418104,43.56380858977668],[10.996360374401014,43.564041815120035],[10.996875358531872,43.565083543963304],[10.995673728893202,43.565721010937864],[10.994600845287247,43.56592313320417]]]}"
2_14,4,"{""type"":""Polygon"",""coordinates"":[[[11.000178464082552,43.5688293595795],[11.000393040803742,43.56777214815286],[11.002281315950228,43.56761667431917],[11.002753384736849,43.568394039474654],[11.002560265687777,43.56959116219246],[11.00120843234427,43.56997983328294],[11.000178464082552,43.5688293595795]]]}"
2_15,4,"{""type"":""Polygon"",""coordinates"":[[[11.005514707052411,43.57275042042202],[11.00534304567546,43.571242431949514],[11.007488812887372,43.57032518337974],[11.00851878114909,43.57169327782083],[11.008432950460616,43.57282815076326],[11.006265725576585,43.57271932825743],[11.005514707052411,43.57275042042202]]]}"
2_16,4,"{""type"":""Polygon"",""coordinates"":[[[11.006621831088383,43.57531610435441],[11.007973664431887,43.574880831134294],[11.00988339725049,43.575393831384055],[11.009368413119631,43.57643536390188],[11.008445733218508,43.57651308948683],[11.006600373416262,43.5765286345918],[11.006621831088383,43.57531610435441]]]}"
2_17,4,"{""type"":""Polygon"",""coordinates"":[[[10.991959407924249,43.576224924108686],[10.993954971431327,43.57610056252948],[10.994963482020927,43.57712653787693],[10.994255378840995,43.57813695105772],[10.992667511104179,43.57787269078624],[10.991959407924249,43.576224924108686]]]}"
2_18,4,"{""type"":""Polygon"",""coordinates"":[[[10.95640074899334,43.58454209696026],[10.956057426239436,43.58346961805643],[10.957902786041684,43.58340744478044],[10.958868381287044,43.58420014923962],[10.958246108795588,43.585272615128915],[10.95695864846844,43.585241529429986],[10.95640074899334,43.58454209696026]]]}"
2_19,4,"{""type"":""Polygon"",""coordinates"":[[[10.962962128748703,43.58808856894099],[10.964957692255785,43.588057484696236],[10.965000607600022,43.58956505207573],[10.962940671076584,43.5895339685935],[10.962962128748703,43.58808856894099]]]}"
2_20,4,"{""type"":""Polygon"",""coordinates"":[[[10.955932601545495,43.57365088280119],[10.955374702070396,43.57236056377402],[10.957971080396813,43.57200300059748],[10.958915217970056,43.57399289043837],[10.955932601545495,43.57365088280119]]]}"
2_21,4,"{""type"":""Polygon"",""coordinates"":[[[10.94780517284633,43.57291321531793],[10.950852162287248,43.572975399430874],[10.950766331598773,43.57429679665112],[10.947933918879045,43.57425015959576],[10.94780517284633,43.57291321531793]]]}"
2_22,4,"{""type"":""Polygon"",""coordinates"":[[[10.94317830337557,43.570866890843575],[10.944680340423913,43.571892955359075],[10.944315559997886,43.572981186500755],[10.94324267639193,43.57284127216981],[10.94240582717928,43.57195514052546],[10.94317830337557,43.570866890843575]]]}"
2_23,4,"{""type"":""Polygon"",""coordinates"":[[[10.932034228339878,43.56304258890169],[10.933107111945834,43.56288710286083],[10.933257315650668,43.56179868933854],[10.935746405616488,43.56220295951365],[10.935467455878939,43.562995943131554],[10.933858130470005,43.564146528252415],[10.932270262733187,43.56436420404654],[10.932034228339878,43.56304258890169]]]}"
2_24,4,"{""type"":""Polygon"",""coordinates"":[[[10.918728133325777,43.55549042091086],[10.920058508997164,43.55550597144189],[10.920401831751072,43.556594498642305],[10.918942710046968,43.556578948392165],[10.918728133325777,43.55549042091086]]]}"
2_25,4,"{""type"":""Polygon"",""coordinates"":[[[10.936161963391278,43.55794289472535],[10.935818640637374,43.55680774132184],[10.937170473980883,43.55680774132184],[10.93839356129167,43.557134294491995],[10.938972918438889,43.55747639591498],[10.938672511029221,43.55872038471671],[10.937299220013594,43.55834719077289],[10.936161963391278,43.55794289472535]]]}"
2_26,4,"{""type"":""Polygon"",""coordinates"":[[[10.929744940251458,43.55326628520574],[10.930581789464107,43.552644237716066],[10.930925112218015,43.5534528982006],[10.93049595877563,43.55421489526575],[10.929487448186029,43.55376391857461],[10.929744940251458,43.55326628520574]]]}"
2_27,4,"{""type"":""Polygon"",""coordinates"":[[[10.92699045270293,43.5479940315982],[10.926325264867236,43.54726306119808],[10.927183571752003,43.54701421818833],[10.927548352178027,43.547745191606104],[10.927977505620412,43.54844505146544],[10.928063336308886,43.54916045536716],[10.927054825719289,43.549176007531585],[10.92699045270293,43.5479940315982]]]}"
2_28,4,"{""type"":""Polygon"",""coordinates"":[[[11.082690476906906,43.4571961168869],[11.086724519265305,43.45688459857163],[11.087282418740402,43.45766339135061],[11.085565804970871,43.45844217409907],[11.083720445168629,43.458348720698886],[11.082347154153002,43.45785030012503],[11.082690476906906,43.4571961168869]]]}"
2_29,4,"{""type"":""Polygon"",""coordinates"":[[[11.095239843252521,43.47218377232643],[11.099273885610918,43.47268207473384],[11.100690091970783,43.47333609040841],[11.09901639354549,43.47414581429464],[11.095368589285236,43.47395895589925],[11.095239843252521,43.47218377232643]]]}"
2_30,4,"{""type"":""Polygon"",""coordinates"":[[[11.039067653678837,43.50584398154122],[11.042286304496706,43.50540820648207],[11.042543796562137,43.50746254707592],[11.040140537284792,43.507431421224936],[11.039067653678837,43.50584398154122]]]}"
2_31,4,"{""type"":""Polygon"",""coordinates"":[[[10.89231929812963,43.437005441634916],[10.895881271701406,43.43600824457976],[10.896439171176503,43.438127268679],[10.894894218783925,43.43977880953308],[10.892319298129628,43.43952952323626],[10.89231929812963,43.437005441634916]]]}"
2_32,4,"{""type"":""Polygon"",""coordinates"":[[[10.84601745341942,43.44998165200508],[10.84923610423729,43.45054244782543],[10.85005149577782,43.45135247705284],[10.84803447459862,43.45225595839232],[10.845888707386704,43.451882105681904],[10.84601745341942,43.44998165200508]]]}"
2_33,4,"{""type"":""Polygon"",""coordinates"":[[[10.8502220422307,43.47268970610323],[10.852925708917711,43.47272084986335],[10.853183200983139,43.47396658710739],[10.85043661895189,43.473842014538526],[10.8502220422307,43.47268970610323]]]}"
2_34,4,"{""type"":""Polygon"",""coordinates"":[[[11.050105559933803,43.51529151841199],[11.053882110226771,43.514793567467706],[11.054354179013393,43.516131801313136],[11.05293797265353,43.51709655614056],[11.050148475278043,43.51634965052563],[11.050105559933803,43.51529151841199]]]}"
2_35,4,"{""type"":""Polygon"",""coordinates"":[[[11.090923719118903,43.519608194041055],[11.096202306460214,43.5192036381542],[11.095730237673592,43.5222844185034],[11.091696195315194,43.52225330029648],[11.090923719118903,43.519608194041055]]]}"
2_36,4,"{""type"":""Polygon"",""coordinates"":[[[11.08839793881224,43.53771060151133],[11.091359097564679,43.53736838788937],[11.0903720446472,43.53954607779247],[11.08844085415648,43.5392972029271],[11.08839793881224,43.53771060151133]]]}"
2_37,4,"{""type"":""Polygon"",""coordinates"":[[[11.089115088580568,43.54263734494476],[11.091775839923345,43.54210851174329],[11.092419570086916,43.544068282113926],[11.089587157367191,43.54400606816064],[11.089115088580568,43.54263734494476]]]}"
2_38,4,"{""type"":""Polygon"",""coordinates"":[[[11.043857175492626,43.532625309537465],[11.046818334245069,43.53243863206097],[11.047290403031692,43.53374536226178],[11.046861249589307,43.53467872364149],[11.043943006181104,43.53424315679537],[11.043857175492626,43.532625309537465]]]}"
2_39,4,"{""type"":""Polygon"",""coordinates"":[[[11.026644036731756,43.52560130533373],[11.028661057910956,43.5260680508483],[11.030206010303532,43.527094878268116],[11.028661057910956,43.52768607400495],[11.026901528797186,43.52697041526939],[11.026644036731756,43.52560130533373]]]}"
2_40,4,"{""type"":""Polygon"",""coordinates"":[[[11.01783528308893,43.51103607110264],[11.017277383613832,43.50972884893786],[11.01877942066217,43.50944872621898],[11.019208574104553,43.51060033352691],[11.01783528308893,43.51103607110264]]]}"
2_41,4,"{""type"":""Polygon"",""coordinates"":[[[11.010703094726267,43.505906422753974],[11.01362133813447,43.50627994134306],[11.013406761413277,43.50743160910984],[11.01284886193818,43.50786736956191],[11.010917671447457,43.50671571010918],[11.010703094726267,43.505906422753974]]]}"
3_0,2,"{""type"":""Polygon"",""coordinates"":[[[10.990936397437805,43.56139056782592],[10.991880535011049,43.561857036331745],[10.992223857764952,43.56241679377128],[10.991837619666809,43.562727767879366],[10.99106514347052,43.56334971127991],[10.989992259864565,43.56328751722878],[10.98930561435675,43.56278996250834],[10.989949344520323,43.561732645083325],[10.990936397437805,43.56139056782592]]]}"
3_1,2,"{""type"":""Polygon"",""coordinates"":[[[10.928179442428485,43.57621403928693],[10.928308188461198,43.57590313480114],[10.929488360427754,43.57523468472101],[10.929831683181659,43.575514501936574],[10.93086165144338,43.57599640631543],[10.930947482131856,43.57652494216751],[10.93011063291921,43.57714674311294],[10.929080664657489,43.57756645512129],[10.928372561477556,43.57753536544322],[10.928136527084245,43.577162288054296],[10.928501307510272,43.57675811827449],[10.928179442428485,43.57621403928693]]]}"
3_2,2,"{""type"":""Polygon"",""coordinates"":[[[10.919710033648824,43.57545497938243],[10.919667118304586,43.574802069878196],[10.92013918709121,43.57453779497109],[10.92063271354995,43.574615523005335],[10.921984546893455,43.57447561247144],[10.922284954303123,43.574802069878196],[10.92217766594253,43.575159616435954],[10.922284954303123,43.575967974741026],[10.920225017779687,43.575967974741026],[10.919710033648824,43.57545497938243]]]}"
3_3,2,"{""type"":""Polygon"",""coordinates"":[[[10.892517369828392,43.58912478789096],[10.892646115861108,43.58716648283466],[10.894448560319116,43.587104313376784],[10.89534978254812,43.589404540555115],[10.892517369828392,43.58912478789096]]]}"
3_4,2,"{""type"":""Polygon"",""coordinates"":[[[10.907299411533439,43.58307999696013],[10.907513988254628,43.581649986112446],[10.910303485630116,43.58208521040096],[10.90996016287621,43.5832976043288],[10.907642734287343,43.58298673641849],[10.907299411533439,43.58307999696013]]]}"
3_5,2,"{""type"":""Polygon"",""coordinates"":[[[10.91158792792528,43.588571248088556],[10.910901282417468,43.587390044975486],[10.912532065498525,43.58679943472646],[10.912875388252429,43.588291491551374],[10.91158792792528,43.588571248088556]]]}"
3_6,2,"{""type"":""Polygon"",""coordinates"":[[[10.871726236920715,43.58079923079785],[10.871447287183166,43.58050389406554],[10.871726236920713,43.580255188325154],[10.872498713117006,43.58042617363202],[10.872691832166076,43.580861406767454],[10.871726236920715,43.58079923079785]]]}"
3_7,2,"{""type"":""Polygon"",""coordinates"":[[[10.868786535840393,43.580255188325154],[10.868722162824035,43.5794935206044],[10.869387350659728,43.579353621404174],[10.86985941944635,43.58055052627748],[10.868786535840393,43.580255188325154]]]}"
3_8,2,"{""type"":""Polygon"",""coordinates"":[[[10.870481069441793,43.58463613632774],[10.870438154097553,43.58392115363167],[10.871403749342914,43.5834859426156],[10.872004564162248,43.584496249077134],[10.87073856150722,43.584713851326505],[10.870481069441793,43.58463613632774]]]}"
3_9,2,"{""type"":""Polygon"",""coordinates"":[[[10.86564836499257,43.5867800675919],[10.865154838533828,43.58600293976427],[10.86616334912343,43.58570762855916],[10.866699790926408,43.58636041981108],[10.86564836499257,43.5867800675919]]]}"
3_10,2,"{""type"":""Polygon"",""coordinates"":[[[10.859643098951564,43.583587979976784],[10.859449979902497,43.58335483031911],[10.861188051344145,43.58298178898872],[10.861488458753813,43.58324602683653],[10.859643098951564,43.583587979976784]]]}"
3_11,2,"{""type"":""Polygon"",""coordinates"":[[[10.845833481418547,43.580732526550584],[10.847099484073574,43.58077915858544],[10.847292603122648,43.58135428404576],[10.84677761899179,43.5818827728682],[10.845726193057951,43.581338740186645],[10.845833481418547,43.580732526550584]]]}"
3_12,2,"{""type"":""Polygon"",""coordinates"":[[[10.848361451064124,43.578725316484594],[10.848726231490149,43.57900511747969],[10.84846873942472,43.579378183450544],[10.847996670638098,43.57900511747968],[10.848361451064124,43.578725316484594]]]}"
3_13,2,"{""type"":""Polygon"",""coordinates"":[[[10.850339739503067,43.586010517168454],[10.850919096650285,43.58582400502041],[10.851455538453264,43.58622811394409],[10.85154136914174,43.586756559981666],[10.850811808289686,43.586585592653655],[10.850339739503067,43.586010517168454]]]}"
3_14,2,"{""type"":""Polygon"",""coordinates"":[[[10.850134951732885,43.58719093013601],[10.850928885601292,43.58725309950445],[10.85105763163401,43.58781262093097],[10.850220782421363,43.58764165660246],[10.850134951732885,43.58719093013601]]]}"
3_15,2,"{""type"":""Polygon"",""coordinates"":[[[10.882053720192681,43.58250272318272],[10.881946431832086,43.581912064982],[10.882933484749564,43.58180325889193],[10.88306223078228,43.58228511294087],[10.882332669930232,43.5824250053295],[10.882053720192681,43.58250272318272]]]}"
3_16,2,"{""type"":""Polygon"",""coordinates"":[[[10.905810463981302,43.584923109747336],[10.905252564506206,43.583850637631386],[10.906110871390972,43.58369520530477],[10.906754601554548,43.58422367357795],[10.905810463981302,43.584923109747336]]]}"
3_17,2,"{""type"":""Polygon"",""coordinates"":[[[10.907475220089431,43.5895010876397],[10.907346474056716,43.58878616272697],[10.90925620687532,43.58870845298566],[10.9092347492032,43.58939229526598],[10.907475220089431,43.5895010876397]]]}"
3_18,2,"{""type"":""Polygon"",""coordinates"":[[[10.902711186241975,43.58734414398915],[10.902496609520783,43.58658256595316],[10.902968678307406,43.58633388532396],[10.903505120110385,43.58659810845836],[10.903698239159455,43.587235347716806],[10.902711186241975,43.58734414398915]]]}"
3_19,2,"{""type"":""Polygon"",""coordinates"":[[[10.897148470901618,43.583914386640224],[10.897212843917975,43.583510262184234],[10.898929457687508,43.58349471888175],[10.899229865097173,43.58416307726473],[10.897577624343999,43.58399210257074],[10.897148470901618,43.583914386640224]]]}"
3_20,2,"{""type"":""Polygon"",""coordinates"":[[[10.923295964411995,43.579386242742295],[10.924798001460333,43.579479508861354],[10.925034035853642,43.58014791182014],[10.924390305690068,43.58027226504033],[10.923317422084112,43.580101279296365],[10.923295964411995,43.579386242742295]]]}"
3_21,2,"{""type"":""Polygon"",""coordinates"":[[[10.910046099250588,43.57981946399449],[10.911183355872902,43.58037905451535],[10.910668371742045,43.580658847825426],[10.909960268562111,43.580301333920694],[10.910046099250588,43.57981946399449]]]}"
3_22,2,"{""type"":""Polygon"",""coordinates"":[[[10.903481087711153,43.57948389323912],[10.903459630039034,43.579219638879145],[10.904253563907442,43.579079739042555],[10.904468140628632,43.579577159206906],[10.903502545383272,43.5797015136059],[10.903481087711153,43.57948389323912]]]}"
3_23,2,"{""type"":""Polygon"",""coordinates"":[[[10.902855559718907,43.58279236248242],[10.902769729030434,43.58226388164462],[10.903670951259436,43.58231051249337],[10.903928443324865,43.58290116678492],[10.902855559718907,43.58279236248242]]]}"
3_24,2,"{""type"":""Polygon"",""coordinates"":[[[10.90427025651482,43.57066019376463],[10.904935444350514,43.570364807301395],[10.905235851760178,43.57081565974235],[10.905064190383227,43.57109549749097],[10.904527748580248,43.57118877645159],[10.90427025651482,43.57066019376463]]]}"
3_25,2,"{""type"":""Polygon"",""coordinates"":[[[10.920460543568877,43.56955619268255],[10.92063220494583,43.569198612856525],[10.921554884846953,43.569462911193476],[10.921640715535434,43.569975957595645],[10.92091115468338,43.57000705117653],[10.920460543568877,43.56955619268255]]]}"
3_26,2,"{""type"":""Polygon"",""coordinates"":[[[10.940045754793243,43.570957520204686],[10.941161553743438,43.570428935488124],[10.941247384431913,43.570957520204686],[10.94135467279251,43.57181257389486],[10.940431992891385,43.57189030544656],[10.940045754793243,43.570957520204686]]]}"
3_27,2,"{""type"":""Polygon"",""coordinates"":[[[10.941347999311581,43.57528636588895],[10.942549628950255,43.57516200237141],[10.94336502049078,43.57547291068369],[10.943343562818661,43.57615690332033],[10.941927356458798,43.57601699636762],[10.941347999311581,43.57528636588895]]]}"
3_28,2,"{""type"":""Polygon"",""coordinates"":[[[10.949073534652472,43.58118380055841],[10.949094992324595,43.58009571764702],[10.950489741012335,43.58034442404615],[10.950511198684458,43.58113716883695],[10.949073534652472,43.58118380055841]]]}"
3_29,2,"{""type"":""Polygon"",""coordinates"":[[[10.942964525132702,43.588019964366815],[10.942728490739393,43.58733610649488],[10.943629712968397,43.58722731020798],[10.944101781755018,43.58809767499703],[10.942964525132702,43.588019964366815]]]}"
3_30,2,"{""type"":""Polygon"",""coordinates"":[[[10.943239702575056,43.584700737692835],[10.943175329558697,43.58404792844277],[10.943861975066511,43.58387695342174],[10.944355501525253,43.5847473666541],[10.943239702575056,43.584700737692835]]]}"
3_31,2,"{""type"":""Polygon"",""coordinates"":[[[11.145721263476377,43.50172096968787],[11.145807094164851,43.50091161537169],[11.147223300524715,43.500818227637026],[11.147652453967098,43.502717083182525],[11.145764178820615,43.502841596213734],[11.145721263476377,43.50172096968787]]]}"
3_32,2,"{""type"":""Polygon"",""coordinates"":[[[11.134777850695611,43.49705146859809],[11.136065311022763,43.49733164884723],[11.139069385119441,43.4998532125871],[11.137524432726865,43.49994660181444],[11.134906596728326,43.49786087465964],[11.134777850695611,43.49705146859809]]]}"
3_33,2,"{""type"":""Polygon"",""coordinates"":[[[11.127019549362284,43.492411852084224],[11.12684788798533,43.491944846234915],[11.12757744883738,43.49157123895541],[11.129294062606911,43.493999644959914],[11.127663279525857,43.49440436980049],[11.127019549362284,43.492411852084224]]]}"
3_34,2,"{""type"":""Polygon"",""coordinates"":[[[11.037760746563347,43.56786909247599],[11.04012109049645,43.567216100728686],[11.040979397381218,43.56849098279686],[11.038747799480825,43.568708642892226],[11.037760746563347,43.56786909247599]]]}"
3_35,2,"{""type"":""Polygon"",""coordinates"":[[[11.044155132854849,43.566656387882475],[11.044455540264517,43.56569242578918],[11.045614254558952,43.566034478620246],[11.04638673075524,43.56687405460735],[11.044884693706903,43.567029530357814],[11.044155132854849,43.566656387882475]]]}"
3_36,2,"{""type"":""Polygon"",""coordinates"":[[[11.051047244365234,43.563468239060704],[11.052978434855957,43.56275300500347],[11.052849688823244,43.56437004381236],[11.051690974528807,43.56437004381235],[11.051047244365234,43.563468239060704]]]}"
3_37,2,"{""type"":""Polygon"",""coordinates"":[[[11.059661300107859,43.55574613411634],[11.060862929746532,43.55602604187322],[11.061077506467722,43.556927958023124],[11.060347945615671,43.55711455967903],[11.059146315977003,43.55611934416989],[11.059661300107859,43.55574613411634]]]}"
4_0,6,"{""type"":""Polygon"",""coordinates"":[[[10.880538029390973,43.4956189764415],[10.880538029390975,43.49487180503011],[10.881203217226664,43.49498076810341],[10.88109592886607,43.495930295134436],[10.880538029390973,43.4956189764415]]]}"
4_1,6,"{""type"":""Polygon"",""coordinates"":[[[10.911139431423704,43.49808284599507],[10.911182346767943,43.49757697033775],[10.911686602062742,43.49761588400029],[10.91224450153784,43.49811397666632],[10.912051382488768,43.49853423915733],[10.911525669521847,43.49844863036862],[10.911139431423704,43.49808284599507]]]}"
4_2,6,"{""type"":""Polygon"",""coordinates"":[[[10.908468803949376,43.49982963452775],[10.908393702096959,43.49963507309757],[10.909198364801428,43.49927707842796],[10.909681162424109,43.499487205991315],[10.909745535440466,43.49997750079535],[10.908468803949376,43.49982963452775]]]}"
4_3,6,"{""type"":""Polygon"",""coordinates"":[[[10.909606060571692,43.500598951017594],[10.909541687555334,43.500528909867434],[10.909756264276526,43.50010866126004],[10.910475096292519,43.50025652684434],[10.910518011636757,43.50051334515635],[10.909606060571692,43.500598951017594]]]}"
4_4,6,"{""type"":""Polygon"",""coordinates"":[[[10.934064464321448,43.48968535597953],[10.933957175960852,43.48910935557712],[10.935137347927407,43.48862675641621],[10.935480670681311,43.48963865344883],[10.934236125698401,43.48970092348178],[10.934064464321448,43.48968535597953]]]}"
4_5,6,"{""type"":""Polygon"",""coordinates"":[[[11.123202908153127,43.468272228436675],[11.122602093333791,43.46606081882581],[11.126335728282523,43.469268893643346],[11.123202908153127,43.468272228436675]]]}"
4_6,6,"{""type"":""Polygon"",""coordinates"":[[[11.13790880069276,43.480724397224975],[11.138981684298717,43.482623884631806],[11.136063440890513,43.48312210095034],[11.135076387973031,43.481502882892705],[11.13790880069276,43.480724397224975]]]}"
4_7,6,"{""type"":""Polygon"",""coordinates"":[[[11.128261962079907,43.48484664764354],[11.129163184308911,43.48335202902864],[11.130879798078444,43.48375682522147],[11.130450644636058,43.485189159201376],[11.128261962079907,43.48484664764354]]]}"
4_8,6,"{""type"":""Polygon"",""coordinates"":[[[11.119520242993385,43.49228104632428],[11.12089353400901,43.49109795526319],[11.12145143348411,43.491564967661155],[11.119863565747293,43.49383770977922],[11.11866193610862,43.49349524726184],[11.119520242993385,43.49228104632428]]]}"
4_9,6,"{""type"":""Polygon"",""coordinates"":[[[11.15104610397271,43.46716950888971],[11.149844474334037,43.46604822043249],[11.151818580169,43.464708876404885],[11.153234786528861,43.46601707323402],[11.15104610397271,43.46716950888971]]]}"
4_10,6,"{""type"":""Polygon"",""coordinates"":[[[11.152619828544525,43.47055413024414],[11.151718606315523,43.46896572107168],[11.153349389396578,43.468311658102834],[11.154250611625582,43.47030497078146],[11.152619828544525,43.47055413024414]]]}"
4_11,6,"{""type"":""Polygon"",""coordinates"":[[[11.138449364061744,43.46281765298865],[11.13982265507737,43.463316032614735],[11.140766792650611,43.46421933521502],[11.139178924913798,43.464499667760414],[11.137462311144263,43.46297339706314],[11.138449364061744,43.46281765298865]]]}"
4_12,6,"{""type"":""Polygon"",""coordinates"":[[[11.13738382580188,43.46769407823636],[11.136096365474732,43.46950053910127],[11.13489473583606,43.468535023631425],[11.13613928081897,43.46663509331818],[11.13738382580188,43.46769407823636]]]}"
4_13,6,"{""type"":""Polygon"",""coordinates"":[[[11.140887595257329,43.46706317612304],[11.141188002666997,43.4690876756065],[11.139771796307134,43.46943027650287],[11.138956404766608,43.466876295829195],[11.140887595257329,43.46706317612304]]]}"
4_14,6,"{""type"":""Polygon"",""coordinates"":[[[11.1147210838499,43.46186134454334],[11.114892745226852,43.460895707051854],[11.117124343127244,43.46108260583452],[11.11746766588115,43.46223513556069],[11.1147210838499,43.46186134454334]]]}"
4_15,6,"{""type"":""Polygon"",""coordinates"":[[[11.12231406644509,43.4643967478128],[11.12106952146218,43.46305736719508],[11.123043627297143,43.462340942125344],[11.124202341591577,43.464241007405164],[11.12231406644509,43.4643967478128]]]}"
4_16,6,"{""type"":""Polygon"",""coordinates"":[[[11.127124388088262,43.47144269522775],[11.127124388088262,43.46976087364757],[11.12892683254627,43.47013461582089],[11.129012663234747,43.471349261923294],[11.127124388088262,43.47144269522775]]]}"
4_17,6,"{""type"":""Polygon"",""coordinates"":[[[11.121467635075856,43.472750746323776],[11.12159638110857,43.471411550808995],[11.122755095403003,43.47144269522775],[11.123141333501147,43.472657315041516],[11.121467635075856,43.472750746323776]]]}"
4_18,6,"{""type"":""Polygon"",""coordinates"":[[[11.12507252399187,43.47262617124867],[11.123699232976247,43.470882093234316],[11.125372931401541,43.47057064543549],[11.12507252399187,43.47262617124867]]]}"
4_19,6,"{""type"":""Polygon"",""coordinates"":[[[11.11097870938174,43.49516146729093],[11.11175118557803,43.49606429391877],[11.110206233185451,43.49718502543694],[11.10896168820254,43.49634447874838],[11.11097870938174,43.49516146729093]]]}"
4_20,6,"{""type"":""Polygon"",""coordinates"":[[[11.106165825177765,43.49741513604863],[11.107582031537628,43.49828679841574],[11.106423317243195,43.49909618791806],[11.104964195539091,43.49816227599084],[11.106165825177765,43.49741513604863]]]}"
4_21,6,"{""type"":""Polygon"",""coordinates"":[[[11.10925854956791,43.502622710501264],[11.109430210944863,43.500817239868184],[11.11174763953373,43.50069272266191],[11.110717671272008,43.50302737754637],[11.10925854956791,43.502622710501264]]]}"
4_22,6,"{""type"":""Polygon"",""coordinates"":[[[11.106074880097099,43.50449038192486],[11.10573155734319,43.50377444804182],[11.107233594391534,43.50280948024373],[11.10830647799749,43.50336978600438],[11.106160710785575,43.50480165487788],[11.106074880097099,43.50449038192486]]]}"
4_23,6,"{""type"":""Polygon"",""coordinates"":[[[11.147735528185082,43.47213677397344],[11.147435120775413,43.47042382677978],[11.149495057298854,43.46970748901177],[11.150696686937527,43.471763044180975],[11.147735528185082,43.47213677397344]]]}"
4_24,6,"{""type"":""Polygon"",""coordinates"":[[[11.13817382001173,43.492783539844936],[11.138839007847423,43.49289250668621],[11.139590026371595,43.49261230584003],[11.140276671879407,43.49284580663543],[11.140276671879404,43.49396659788639],[11.139911891453382,43.49438688924283],[11.13761592053663,43.49351517057877],[11.13817382001173,43.492783539844936]]]}"
4_25,6,"{""type"":""Polygon"",""coordinates"":[[[11.134222416163087,43.4852298036633],[11.133085159540771,43.48429567728724],[11.133020786524412,43.48385974670181],[11.134436992884277,43.483096860607894],[11.135681537867187,43.484077712387744],[11.13559570717871,43.485089685627734],[11.134222416163087,43.4852298036633]]]}"
4_26,6,"{""type"":""Polygon"",""coordinates"":[[[11.131177410321573,43.48159852357589],[11.13076971455131,43.48005711466189],[11.133344635205608,43.48114700382517],[11.131349071698526,43.48161409316227],[11.131177410321573,43.48159852357589]]]}"
4_27,6,"{""type"":""Polygon"",""coordinates"":[[[11.030935870180071,43.5184350375088],[11.031708346376359,43.51831055664301],[11.03219114399904,43.51875401855526],[11.032051669130265,43.51932195624427],[11.031322108278216,43.51927527663587],[11.030935870180071,43.5184350375088]]]}"
4_28,6,"{""type"":""Polygon"",""coordinates"":[[[11.025507322272157,43.5631999858175],[11.026322713812684,43.5631999858175],[11.027009359320497,43.56351095588287],[11.026108137091493,43.56400850464865],[11.025249830206725,43.5635731497033],[11.025507322272157,43.5631999858175]]]}"
4_29,6,"{""type"":""Polygon"",""coordinates"":[[[11.027375304507128,43.5612866405941],[11.028319442080374,43.56156652261378],[11.027976119326468,43.56221957560339],[11.027031981753222,43.561815305539774],[11.027375304507128,43.5612866405941]]]}"
4_30,6,"{""type"":""Polygon"",""coordinates"":[[[11.032893177394575,43.55361344076027],[11.033579822902388,43.55355123665857],[11.03400897634477,43.553644542787055],[11.033408161525434,43.55448429144251],[11.032764431361862,43.554422088239704],[11.032893177394575,43.55361344076027]]]}"
4_31,6,"{""type"":""Polygon"",""coordinates"":[[[11.033665653590864,43.551646263196936],[11.034566875819866,43.55161516013888],[11.034824367885294,43.552081704324365],[11.033665653590864,43.55217501272808],[11.033665653590864,43.551646263196936]]]}"
